Santiago;santiago@gmail.es;1753C
Liam;Liam@gmail.es;811E
James;James@gmail.es;919N
Lucas;Lucas@gmail.es;2808N
Borja;borja@gmail.es;2371E
Santiago;santiago@gmail.es;1753C
Liam;Liam@gmail.es;811E
James;James@gmail.es;919N
Lucas;Lucas@gmail.es;2808N
Borja;borja@gmail.es;2371E
Santiago;santiago@gmail.es;1753C
Liam;Liam@gmail.es;811E
James;James@gmail.es;919N
Lucas;Lucas@gmail.es;2808N
Borja;borja@gmail.es;2371E
Santiago;santiago@gmail.es;1753C
Liam;Liam@gmail.es;811E
James;James@gmail.es;919N
Lucas;Lucas@gmail.es;2808N
